prenom,nom,mail
Mylène,Martin,mylene.m@ailleurs-mairie.fr
Gonthier,Barre,gonthier.b@ailleurs-mairie.fr
Francis,Meyer,francis.m@ailleurs-mairie.fr
Orégane,Chauvin,oregane.c@ailleurs-mairie.fr
Radegonde,Morel,radegonde.m@ailleurs-mairie.fr
Servan,Blanc,servan.b@ailleurs-mairie.fr
Silvain,Carpentier,silvain.c@ailleurs-mairie.fr
Vincent,Colin,vincent.c@ailleurs-mairie.fr
Philibert,Morel,philibert.m@ailleurs-mairie.fr
Sébastien,Cousin,sebastien.c@ailleurs-mairie.fr
Anicette,Vasseur,anicette.v@ailleurs-mairie.fr
Sophie,Fabre,sophie.f@ailleurs-mairie.fr
Althée,Carlier,althee.c@ailleurs-mairie.fr
Noémie,Lefebvre,noemie.l@ailleurs-mairie.fr
Léandre,Paris,leandre.p@ailleurs-mairie.fr
Athalie,Charpentier,athalie.c@ailleurs-mairie.fr
Constance,Mercier,constance.m@ailleurs-mairie.fr
Alexandrine,Poulain,alexandrine.p@ailleurs-mairie.fr
Alice,Clément,alice.c@ailleurs-mairie.fr
Calixte,Clément,calixte.c@ailleurs-mairie.fr
Claude,Leroux,claude.l@ailleurs-mairie.fr
Garnier,Thomas,garnier.t@ailleurs-mairie.fr
Donatus,Boulanger,donatus.b@ailleurs-mairie.fr
Edmond,Jean,edmond.j@ailleurs-mairie.fr
Marine,Lemoine,marine.l@ailleurs-mairie.fr
Dominique,Grondin,dominique.g@ailleurs-mairie.fr
Valentin,Dufour,valentin.d@ailleurs-mairie.fr
Noémie,Barre,noemie.b@ailleurs-mairie.fr
Arabelle,Monnier,arabelle.m@ailleurs-mairie.fr
Gerbert,Gay,gerbert.g@ailleurs-mairie.fr
Richarde,Pierre,richarde.p@ailleurs-mairie.fr
Eudoxe,Lefebvre,eudoxe.l@ailleurs-mairie.fr
Silvère,Thomas,silvere.t@ailleurs-mairie.fr
Jonathan,Langlois,jonathan.l@ailleurs-mairie.fr
Valérie,Masson,valerie.m@ailleurs-mairie.fr
Ysaline,Barre,ysaline.b@ailleurs-mairie.fr
Georgette,Etienne,georgette.e@ailleurs-mairie.fr
Gerberge,Gay,gerberge.g@ailleurs-mairie.fr
Edgard,Etienne,edgard.e@ailleurs-mairie.fr
Alexine,Perrot,alexine.p@ailleurs-mairie.fr
Palmyre,Millet,palmyre.m@ailleurs-mairie.fr
Renée,Weber,renee.w@ailleurs-mairie.fr
Titien,Colin,titien.c@ailleurs-mairie.fr
Paulette,Poirier,paulette.p@ailleurs-mairie.fr
France,Renard,france.r@ailleurs-mairie.fr
Constantin,Leroux,constantin.l@ailleurs-mairie.fr
Thibert,Bertin,thibert.b@ailleurs-mairie.fr
Pierrick,Poirier,pierrick.p@ailleurs-mairie.fr
Primerose,Renaud,primerose.r@ailleurs-mairie.fr
Azalaïs,Prevost,azalais.p@ailleurs-mairie.fr
Maxime,Bourgeois,maxime.b@ailleurs-mairie.fr
Adonise,Hoarau,adonise.h@ailleurs-mairie.fr
Thomas,Leclerc,thomas.l@ailleurs-mairie.fr
Titien,Barthelemy,titien.b@ailleurs-mairie.fr
Fleur,Charpentier,fleur.c@ailleurs-mairie.fr
Roseline,Prevost,roseline.p@ailleurs-mairie.fr
Leufroy,Gautier,leufroy.g@ailleurs-mairie.fr
Athanasie,Lamy,athanasie.l@ailleurs-mairie.fr
Alpinien,Aubert,alpinien.a@ailleurs-mairie.fr
Angélique,Gillet,angelique.g@ailleurs-mairie.fr
Astérie,Fontaine,asterie.f@ailleurs-mairie.fr
Audrey,Tessier,audrey.t@ailleurs-mairie.fr
Bathilde,Fabre,bathilde.f@ailleurs-mairie.fr
Andoche,Boulanger,andoche.b@ailleurs-mairie.fr
Aube,Arnaud,aube.a@ailleurs-mairie.fr
Michel,Dupuy,michel.d@ailleurs-mairie.fr
Savinien,Cordier,savinien.c@ailleurs-mairie.fr
Gabrielle,Reynaud,gabrielle.r@ailleurs-mairie.fr
Clotaire,Barthelemy,clotaire.b@ailleurs-mairie.fr
Douce,Langlois,douce.l@ailleurs-mairie.fr
Gaspard,Rousseau,gaspard.r@ailleurs-mairie.fr
Oger,Rivière,oger.r@ailleurs-mairie.fr
Grégoire,Garnier,gregoire.g@ailleurs-mairie.fr
Jonathan,Lamy,jonathan.l@ailleurs-mairie.fr
Félicité,Robert,felicite.r@ailleurs-mairie.fr
Séraphin,Leclercq,seraphin.l@ailleurs-mairie.fr
Alphonse,Reynaud,alphonse.r@ailleurs-mairie.fr
Didier,Leroy,didier.l@ailleurs-mairie.fr
Maëlle,Bertrand,maelle.b@ailleurs-mairie.fr
Angilberte,Fontaine,angilberte.f@ailleurs-mairie.fr
Camillien,Lambert,camillien.l@ailleurs-mairie.fr
Aleaume,Huet,aleaume.h@ailleurs-mairie.fr
Cassandre,Bertrand,cassandre.b@ailleurs-mairie.fr
Cassandre,Renard,cassandre.r@ailleurs-mairie.fr
Aurelle,Boucher,aurelle.b@ailleurs-mairie.fr
Quirin,Carre,quirin.c@ailleurs-mairie.fr
Valère,Gillet,valere.g@ailleurs-mairie.fr
Huguette,Marchand,huguette.m@ailleurs-mairie.fr
Georgette,Lecomte,georgette.l@ailleurs-mairie.fr
Lambertine,Colin,lambertine.c@ailleurs-mairie.fr
Bohémond,Renaud,bohemond.r@ailleurs-mairie.fr
Amandin,Rey,amandin.r@ailleurs-mairie.fr
Edmond,Martinez,edmond.m@ailleurs-mairie.fr
Pie,Morel,pie.m@ailleurs-mairie.fr
Aurèle,Philippe,aurele.p@ailleurs-mairie.fr
Silvère,Guillaume,silvere.g@ailleurs-mairie.fr
Gontran,Blanchard,gontran.b@ailleurs-mairie.fr
Claudien,Antoine,claudien.a@ailleurs-mairie.fr
Axeline,Davy,axeline.d@ailleurs-mairie.fr
Tarcîs,Gauthier,tarcis.g@ailleurs-mairie.fr
Euphrosine,Adam,euphrosine.a@ailleurs-mairie.fr
Guillemette,Pichon,guillemette.p@ailleurs-mairie.fr
Michelle,Lamy,michelle.l@ailleurs-mairie.fr
Sidonie,Dubois,sidonie.d@ailleurs-mairie.fr
Alcidie,Gauthier,alcidie.g@ailleurs-mairie.fr
Lucienne,Davy,lucienne.d@ailleurs-mairie.fr
Murielle,Lopez,murielle.l@ailleurs-mairie.fr
Sigismond,Chevallier,sigismond.c@ailleurs-mairie.fr
Cunégonde,Jacquet,cunegonde.j@ailleurs-mairie.fr
Odette,Remy,odette.r@ailleurs-mairie.fr
Nathalie,Petit,nathalie.p@ailleurs-mairie.fr
Ferdinand,Roux,ferdinand.r@ailleurs-mairie.fr
Jason,Vasseur,jason.v@ailleurs-mairie.fr
Nine,David,nine.d@ailleurs-mairie.fr
Abdonie,Poirier,abdonie.p@ailleurs-mairie.fr
Rémi,Bourgeois,remi.b@ailleurs-mairie.fr
Olympe,Germain,olympe.g@ailleurs-mairie.fr
Luc,Moreau,luc.m@ailleurs-mairie.fr
Jonas,Dupont,jonas.d@ailleurs-mairie.fr
Absalon,Remy,absalon.r@ailleurs-mairie.fr
Zéphyrin,Picard,zephyrin.p@ailleurs-mairie.fr
Galeran,François,galeran.f@ailleurs-mairie.fr
Georgette,Henry,georgette.h@ailleurs-mairie.fr
Aimé,Sanchez,aime.s@ailleurs-mairie.fr
Gonzague,Gerard,gonzague.g@ailleurs-mairie.fr
Pécine,Moreau,pecine.m@ailleurs-mairie.fr
Gontran,Garnier,gontran.g@ailleurs-mairie.fr
Aurore,Lamy,aurore.l@ailleurs-mairie.fr
Fiacre,Brun,fiacre.b@ailleurs-mairie.fr
Claude,Besson,claude.b@ailleurs-mairie.fr
Armande,Dupuis,armande.d@ailleurs-mairie.fr
Sabine,Huet,sabine.h@ailleurs-mairie.fr
Rigobert,Lévèque,rigobert.l@ailleurs-mairie.fr
Cécile,Leclerc,cecile.l@ailleurs-mairie.fr
Guyonne,Guyot,guyonne.g@ailleurs-mairie.fr
Armel,Pelletier,armel.p@ailleurs-mairie.fr
Martial,Klein,martial.k@ailleurs-mairie.fr
Enguerrand,Robert,enguerrand.r@ailleurs-mairie.fr
Arthurine,Bouvier,arthurine.b@ailleurs-mairie.fr
Gabrielle,Schneider,gabrielle.s@ailleurs-mairie.fr
Naudet,Sanchez,naudet.s@ailleurs-mairie.fr
Timothée,Girard,timothee.g@ailleurs-mairie.fr
Malo,Renard,malo.r@ailleurs-mairie.fr
Alice,Denis,alice.d@ailleurs-mairie.fr
Fulbert,André,fulbert.a@ailleurs-mairie.fr
Iris,Renaud,iris.r@ailleurs-mairie.fr
Titouan,Robert,titouan.r@ailleurs-mairie.fr
Antoine,Michel,antoine.m@ailleurs-mairie.fr
Bernadette,Poirier,bernadette.p@ailleurs-mairie.fr
Yolande,Perret,yolande.p@ailleurs-mairie.fr